Auteur,Adresse,Lien,Type-lien
"Picard & Nous"" ",newsletter@mail.picard.fr,"https://mail.picard.fr/optiext/optiextension.dll?ID=sWXsXiV3rAvQBqnRv1ZMhfjqn%2B144WSN2CWE3e2zw07VISwcBwxjwKj5WnQioWpB%2BFyKrJOzZymdM5_d5Pw%2B8PWeg_CIk>,",lien
"Marianne de Tohapi"" ",marianne@promos.tohapi.com,"https://promos.tohapi.com/optiext/optiextension.dll?ID=RjiRlyi%2BfvEjxNTIO7wtZjFfTKPpRuMuuMTC5wFxM3gmI5zBJf0XyZpwID5J%2Be_X05lsd3DuiBVqDz19Fh2twd7UnmqZq>,",lien
ResearchGate ,no-reply@researchgatemail.net,https://www.researchgate.net/go.Out.publicationAdded.html?ch=reg&loginT=c0Cvb5EnwjH2EiNX5HJuNznhlpZTp3kUJo6Ef1tLMStpGG3G2nwnLOJdMZR2NiNhoA645Bt_OpFYukz43KE&cp=re442_pb_hnsg_nnaas_u3&ev=list-usub>,lien
"Instagram"" ",security@mail.instagram.com,https://instagram.com/accounts/remove/revoke_wrong_email/?uidb36=4japvw&token=68v-6ba6848b352963bef6fa0379a20e8eb0&nonce=uz2w5UD6&encoded_email=bHVjYXNiYXJickBvdXRsb29rLmNvbQ>,lien
"Esselunga"" ",info@newsletter.esselunga.it,"https://click.nl.esselunga.it/subscription_center.aspx?jwt=eyJhbGciOiJIUzI1NiIsInR5cCI6IkpXVCJ9.eyJtaWQiOiI1MTAwMDM1ODUiLCJzIjoiMTYxODExMTA1IiwibGlkIjoiMjAzIiwiaiI6IjE3ODExMiIsImpiIjoiMzM4NjUiLCJkIjoiNTAwMDAzIn0.z3rxja77F_FijdpNQWRyYJXpZCgcBTKE04qk2YNGLPg>,",lien
"Katherine Bautista"" ",katherine_bautista@email.wolfram.com,unsubscribe@unsub.spmta.com,mailto
"Ivan at Notion"" ",ivan@mail.notion.so,unsubscribe@unsub.spmta.com,mailto
"Carte Avantage"" ",noreply@info.sncf.com,"https://click.info.sncf.com/subscription_center.aspx?jwt=eyJhbGciOiJIUzI1NiIsInR5cCI6IkpXVCJ9.eyJtaWQiOiI3MzA2NzI2IiwicyI6IjQ3OTEyOTkxMyIsImxpZCI6IjE1IiwiaiI6IjgxMzY0IiwiamIiOiI3MSIsImQiOiI3MDE5NyJ9.kdcv56aEfYqQEsvTO7trhpuKipfCnnPXDk9NI0uoAMs>,",lien
"Dr Ramiz Nathani"" ",team@email.researcher-app.com,"https://click.email.researcher-app.com/subscription_center.aspx?jwt=eyJhbGciOiJIUzI1NiIsInR5cCI6IkpXVCJ9.eyJtaWQiOiI1MTAwMDI2ODQiLCJzIjoiMTQ3ODQ2MTciLCJsaWQiOiIxMDA5IiwiaiI6IjE2OTA4NCIsImpiIjoiMTEyNjI2MSIsImQiOiI1MDAwMDYifQ.sv4EGHa08Vmm_rk5BlexJLqAmqqJHvwBaZxeRgG-f1k>,",lien
"SAS"" ",no-reply@msg.flysas.com,"https://click.msg.flysas.com/subscription_center.aspx?jwt=eyJhbGciOiJIUzI1NiIsInR5cCI6IkpXVCJ9.eyJtaWQiOiI1MTAwMDczNTEiLCJzIjoiMTMyNDk2ODkwIiwibGlkIjoiMTEzIiwiaiI6IjE5ODU0NyIsImpiIjoiNDQ2IiwiZCI6IjUwMDAwMyJ9.4xcFFzV4_-z03Jv5AEBXIySpCuVEivTxqM8Krm4_eEA>,",lien
"AnglaisFacile.com"" ",newsletter@bacanglais.com,"https://s3s-main.net/l-uns/12548549/3682015/2136749578.html>,",lien
"=?utf-8?B?VW5pdmVyc2l0w6kgUGFyaXMgQ2l0w6k=?="" ",communication@u-paris.fr,"https://trailer.web-view.net/unsubscribe/0X42CACB17C0E7CB50F345C5B3BC7EDAED5DA680B2D48575B5FAA9D22E41C7EC7A552835B8FF6C759D.htm>,",lien
"Club Eurostar"" ",loyalty@e.eurostar.com,"https://click.e.eurostar.com/subscription_center.aspx?jwt=eyJhbGciOiJIUzI1NiIsInR5cCI6IkpXVCJ9.eyJtaWQiOiI3MjA3NTk4IiwicyI6IjYyNDQwMTkwNCIsImxpZCI6IjQ2OSIsImoiOiI1ODQ1OTgzIiwiamIiOiIxMDE1IiwiZCI6IjcwMTk1In0.SqLAXopa7zRa1vZ_99wGyeNNq3Euy5go-mG74jIAAtI>,",lien
"Paul Barnett"" ",paul_barnett@email.wolfram.com,unsubscribe@unsub.spmta.com,mailto
"Mads Bahrami"" ",mohammad_bahrami@email.wolfram.com,unsubscribe@unsub.spmta.com,mailto
PayPal  ,paypal@mail.paypal.fr,bounce-HP2v60000018654b6a0348c36eff4bbe5c7c0127@mail.paypal.fr,mailto
=?windows-1252?Q?A=E9roplan?= ,communications@Mail.aircanada.com,bounce@mail.aircanada.com,mailto
"Eurostar"" ",no-reply@e.eurostar.com,"https://click.e.eurostar.com/subscription_center.aspx?jwt=eyJhbGciOiJIUzI1NiIsInR5cCI6IkpXVCJ9.eyJtaWQiOiI3MjA3NTk4IiwicyI6IjYyNDQwMTkwNCIsImxpZCI6IjQ2OSIsImoiOiI1Nzk2OTY1IiwiamIiOiIyNDkiLCJkIjoiNzAxOTcifQ.vGurv6Ov2IPin7DluqsLGk-QEHYiW8ko5TvYspUL1vI>,",lien
"Eurostar International LTD"" ",noreply@e.eurostar.com,"http://click.e.eurostar.com/subscription_center.aspx?jwt=eyJhbGciOiJIUzI1NiIsInR5cCI6IkpXVCJ9.eyJtaWQiOiI3MjE0MTY3IiwicyI6IjYyNDQwMTkwNCIsImxpZCI6IjQ2OSIsImoiOiI1ODM2MDcwIiwiamIiOiI1OTQiLCJkIjoiNzAxOTQifQ.mzXXuKZESuTwLYxyFGr9IYNVOWVJXzT0rVAorRJxpKI>,",lien
"Booking.com"" ",email.campaign@sg.booking.com,https://www.booking.com/subscription_manager.html?aid=2065307&business_unit=booking&emk_token=6992TANOTQ&message_channel=email&unsubscribe_all=1>,lien
The Google Account Team ,google-noreply@google.com,https://notifications.google.com/g/optout/APdRdFyhOPQs8ns7kYet7X0mdc9o8zJGt1vdifGQTa67uE0vvDaSvFCSdKFK-q_sgdnKUqkNAiqZBlwW2rykCj7FsYAvvdKEH_h21iTDIZdQqtvzpLt9Di1viulE6r86Off7CEEEX-m43ZfBh7i20vH94eJSCvbQSJ9h6W0t7MPLqDX9En1IDalWev2YhXptyu4ljgiluBVDKBj4cYMrNppG8zzeiZ8apjxPEH-RO6FBX7MluSSVow?hl=fr>,lien
TED Recommends ,recommends@ted.com,"https://link.ted.com/oc/62d1be8354733608146eaeeci4hva.25tc6/d48f886e>,",lien
Linode ,noreply@email.linode.com,12826.9012.9@unsub-ab.mktomail.com,mailto
Proton ,no-reply@mail.proton.me,https://account.proton.me/unsubscribe/64#eyJ0eXAiOiJKV1QiLCJhbGciOiJIUzI1NiJ9.eyJpc3MiOiJodHRwOi8vcHJvdG9ubWFpbC5jb20iLCJhdWQiOiJodHRwOi8vcHJvdG9ubWFpbC5jb20iLCJpYXQiOjE2NzUxNTMxMzQuMzA4MTc1MSwiZXhwIjoxNjc3NzQ1MTM0LCJVc2VySUQiOiJJRUdHMTR6VUQzSllrMW1XZWpfTnBqMnptSVpuRmRCSFVyZkNiMlhhRGFhUGpfMzdNc3BhRWZWR3l4NWtxeklsUER5SV9oSXZ0aDJvMEJkVTV6S2pPZz09IiwiU2NvcGUiOjk4MzA0fQ.sKGpFUrGPrMRI1-K6v52jRhoGDOihkGrp2zfQaFemNw>,lien
"MAAF"" ",maaf@information.maaf.fr,MAAFCRM2_3474_6715874_1555000769400969936@unsubscribe.mm-send.com,mailto
Linode ,no-reply@email.linode.com,12980.9130.9@unsub-ab.mktomail.com,mailto
"Bitdefender"" ",bitdefender@hello.bitdefender.com,https://list-unsubscribe.eservice.emarsys.net/api/unsubscribe/786874886_618890_145147_Jzk6wmkYeH>,lien
FATMAP ,hello@fatmap.com,https://email.fatmap.com/unsubscribe/dgTOgQcDAIvOOYrOOQGF5AccjIZrbvX-aJsHWo4=>,lien
"Ubisoft"" ",news@updates.ubisoft.com,"https://click.updates.ubisoft.com/subscription_center.aspx?jwt=eyJhbGciOiJIUzI1NiIsInR5cCI6IkpXVCJ9.eyJtaWQiOiIxMDAwMTUzODAiLCJzIjoiOTk5OTEyMDYiLCJsaWQiOiIyMyIsImoiOiI4ODUzNyIsImpiIjoiMjU3OSIsImQiOiIxMDAxODAifQ.9JlEHEY3c-G2yd0d9HZZmwvvGXk4qW3I6VIqxpIOmNo>,",lien
TOEFL Program at ETS ,donotreply@mailing.ets.org,82775.12507.9@unsub-ab.mktomail.com,mailto
=?utf-8?Q?Citibank=20UAE?= ,noreply@dubicars.com,"https://dubicars.us13.list-manage.com/unsubscribe?u=a4e3ae9f0063029f8e692f98d&id=bb4c85df9a&e=a59565823d&c=83500392f3>,",lien
=?utf-8?Q?MIT=20Open=20Learning?= ,MITx_OL@mit.edu,"https://edx.us6.list-manage.com/unsubscribe?u=ad81d725159c1f322a0c54837&id=e07062bda1&e=b9aa3b7c4a&c=68ea856f6c>,",lien
Flying Blue ,do_not_reply@info-flyingblue.com,"https://links.mail.info-flyingblue.com/luoo/v1/c0h4eWpsbXlxM2RTcS8xdE1WT0VaNnpVZC9yRmcrbC84L3JaY1h3LzBOc0d5S3NHSmJvakFtOGxLK2NCalJVRW1GSlZBaWR6Y3d1dGR5L29nUkwzV3VLaHUrWUxSeFVzS0>,",lien
MAAF ,maaf@parlons-nous.maaf.fr,"http://links.mail6.spopessentials6.com/luoo/v1/ZVF3NFYvNWhRdFYxaXhNSlhCVGNraURlWVd6WjJvSWxUalBlT0NMOFlYNnk0MDhtUTUzcTVxMHNVMC9iOVpqMy9GY3drNkVjVUZtWmIyQUM3bGQ0N1ZtcEVldGwxUktpS0>,",lien
HUAWEI Mobile Services ,noreply@hms.aspiegel.com,"https://cn.3trk.net/u/24080177-171424/huaweinotify30/outlook.com/l%27ucasbarbr.html>,",lien
Apple ,News@InsideApple.Apple.com,https://mynews.apple.com/subscriptions?v=2&la=fr_FR&a=8w%2BvXLoOe%2FyPdV0vFeToEe7nUqCmvRyVpYwb8ACNscucXmAKbS01yYKmYAKP34nifcZJIjfUNZH%2B34CX9fjHSreaCOVXx5zKgLBirc3WcpBtMyqGPAH9RU9QXWUKRPKWGW5gJhi2ETg2VbOfhEcmIfoTcijjbBtlRGE56VqR%2FMKCyzPF6kIJTffk1aailFWPTlWqGzExE%2BBUT7FtbrnVmt7U5uo6JQV3EyjhDUWcgcuLnvu2%2Fdwrfq8HgOocnT70k4ZEmQ2IxkFKuX1eUZb3eA%3D%3D>,lien
=?utf-8?b?4pmfQ2hlc3MuY29t?= ,hello@chess.com,"https://tracking.chess.com/e/encryptedUnsubscribe?_r=db56590e2eee4b8283e2c7a1b93b2241&_s=1d9dbd80e4fe456aa5c5bb9a88bcb955&_t=ceTk_FrxFC5jFo4--SPTvS981JN3cfDnjHELv72oxOBS0q_P0GZ6b3o3zunUIOCPoM03_cwe1vxNkWrZj6enfhwedszIBwKSQXSGyAUqsg3rjEfAKRVUQkbXUzjdM2GF>,<mailto:unsubscribe+5807343+7837666@unsubscribe.iterable.com>",lien
"Pocket"" ",team@go.getpocket.com,4_oc478m9k2dufghi1fl8ljbplr34g738g90hxs4wzft61b3nazhql1y@unsubscribe-05.emailinboundprocessing.com,mailto
Petit BamBou ,petitbambou@petitbambou.com,https://4x1wl.r.a.d.sendibm1.com/mk/un/li/7dm4iEmW1l241fElDmDX7hEfvtT6rfKVkQbXK70AxH987Y-S3l4KwyNSxAGDCHFtLmpAfEKjCrY5E7MBME7gv1qjH7tn5X7XUNksKlV1bVdcBP32mVxSd3UkLF8_37L2AXmuGwPNdxtewt_d5iGQQEvFxCGRbEpHVVZwRiPM72_bj4Pk>,lien
"Wolfram Research"" ",promotions@email.wolfram.com,unsubscribe@unsub.spmta.com,mailto
"SJ"" ",noreply@kommunikation.sj.se,sjab@kommunikation.sj.se,mailto
"=?utf-8?B?VW5pdmVyc2l0w6kgUGFyaXMgQ2l0w6k=?="" ",alumni@u-paris.fr,"https://trailer.web-view.net/unsubscribe/0X42CACB17C0E7CB5071B450B1785BE17F5DA680B2D48575B595988D3D96CAC150552835B8FF6C759D.htm>,",lien
"EF Education First"" ",EF.France.Emails@ef.com,"http://click.ef.com/subscription_center.aspx?jwt=eyJhbGciOiJIUzI1NiIsInR5cCI6IkpXVCJ9.eyJtaWQiOiI3Mjc4MTM3IiwicyI6IjExNDcxODc3MCIsImxpZCI6IjEwIiwiaiI6IjMxMTM3MTUiLCJqYiI6IjIyMDE4IiwiZCI6IjcwMTk0In0.QavX9zgk4MTqh1C_D4YY-gw3A2Ono5EKndZN-CrraD0>,",lien
TGV ITALIA ,monvoyage@clients-sncf.fr,https://x6omo.mjt.lu/unsub2?m=AVYAAAPoHJgAAAAAAAAAAOpJSfMAAYCspg0AAAAAABPt6wBjiKl71u3vPHnmRt27c7UNlTyjvwALn_E&b=76c7f193&e=e022cd0b&x=B1jtlFi52hRE84zT6riOI-KSuxI9rikZBYj0d6L77b8>,lien
"Wolfram Events Europe"" ",events-europe@email.wolfram.com,unsubscribe@unsub.spmta.com,mailto
"The Wolfram Cloud Team"" ",cloud@email.wolfram.com,unsubscribe@unsub.spmta.com,mailto
"Indeed"" ",alert@indeed.com,arf-feedback@indeed.com,mailto
"Heroku"" ",no-reply@heroku.com,https://hello.heroku.com/listUnsubscribeHeader/u/36622/f30953a7d10d19ea5119357504ac9c373c577d0645e14935fb5bc0d091f0f5f6/1156642098>,lien
"Elsevier"" ",research-solutions@research.email.elsevier.com,bounce@research.email.elsevier.com,mailto
"The NordVPN team"" ",support@nordvpn.com,unsubscribe@unsub.spmta.com,mailto
Streamlit Team ,support@streamlit.io,outlook.com@bf07x.hubspotemail.net,mailto
"Medium -  Programming"" ",hello@medium.com,https://medium-a7e301761373.intercom-mail.com/subscriptions/unsubscribe?app_id=zp3ii0g5&conversation_id=56625877785647&user_id=6070be4599316c0ca23609ad&source=header>,lien
"PayPal"" ",PayPal@emails.paypal.com,"https://click.emails.paypal.com/subscription_center.aspx?jwt=eyJhbGciOiJIUzI1NiIsInR5cCI6IkpXVCJ9.eyJtaWQiOiI1MjYwMDI3MjEiLCJzIjoiMjE2MTIzNDIzIiwibGlkIjoiNiIsImoiOiI0NTQzNiIsImpiIjoiNDIyMiIsImQiOiIxMjAwMDcifQ.9KKFuya0STkjb_WKEOWIKFaOHpjY9Rvlg7tTNtHfDKw>,",lien
"EF Education First"" ",unandetudes@ef.com,"https://click.ef.com/subscription_center.aspx?jwt=eyJhbGciOiJIUzI1NiIsInR5cCI6IkpXVCJ9.eyJtaWQiOiI3Mjc2MjQ5IiwicyI6IjI5NDM5NjU5MSIsImxpZCI6IjEwIiwiaiI6IjMwNzMxNzkiLCJqYiI6IjIwODciLCJkIjoiNzAxODgifQ.-eXSOKRquulCulU23rPinLUR5rvUxYs-hKAfc1_0Zt0>,",lien
"OpenClassrooms"" ",hello@notify.openclassrooms.com,unsubscribe@unsub.spmta.com,mailto
Apple ,News_Europe@InsideApple.Apple.com,https://mynews.apple.com/subscriptions?v=2&la=fr_fr&a=kQzFuzMp53l53qSZHMqSnArRoqVoWueeSNb5o4DpyDrynVTfyK3XDGznbxn%2FFPon8i2S26UCJPVBkSFIzd%2BbvAlAjkH0MRGRb8vEPBIcwS3nOZAGz29K6pUf0VWFug5e4O%2BJJrMIY9PuEsWIz9c%2FuZVEGS4lq8961VYHnnTAcALQc3pzkY3taT3%2BOUAjFJ%2F5CAk%2Bdig20N82J%2BMrQo4%2FXA%3D%3D>,lien
=?utf-8?Q?Alex=20from=20Playtomic?= ,hello@playtomic.io,"https://playtomic.us16.list-manage.com/unsubscribe?u=d6fe472c8d2879c8fee783a0c&id=a61c954892&e=9bcecfb9b6&c=848b175c8d>,",lien
=?utf-8?Q?MIT=20Open=20Learning?= ,MITxonedX@mit.edu,"https://edx.us6.list-manage.com/unsubscribe?u=ad81d725159c1f322a0c54837&id=e07062bda1&e=b9aa3b7c4a&c=7f558ca877>,",lien
"OUIGO Service Client"" ",contact@ouigo-news.com,OUIGOCRM2_4480_19166012_2665001661770003974@unsubscribe.mm-send.com,mailto
=?utf-8?Q?Glebes=20Fastighets=20AB?= ,info@glebe.se,"https://glebe.us11.list-manage.com/unsubscribe?u=3c01e6a09b9554ee7a15e8d10&id=c135d13a07&e=9481666a74&c=d2d7059229>,",lien
"Instagram"" ",no-reply@mail.instagram.com,https://instagram.com/emails/unsubscribe/reminders?user_id=10703558289&sig=AU_1uObjBVVpeBw-&notification_type=45>,lien
"Chess.com"" ",support@chess.com,"https://tracking.chess.com/e/encryptedUnsubscribe?_r=db56590e2eee4b8283e2c7a1b93b2241&_s=6eb0690e758d4ec2ac8350028427945d&_t=udg4KWYrq7QRrhktJr03m80RUWk3wzPnBSFjYm_-qesLs4QoX0nf6vmrjfzB7TVezdsTZIZ14kEjmDolGIJeVo3uEb430Df_z799WFOo_sYBhMTFdRTQkoEhWz0mEetOOGId76sVQlU0qhMdrHpwdZM7tIXozupwOhWxBv3UOBI%3D>,<mailto:unsubscribe+4848409+6577354@unsubscribe.iterable.com>",lien
Streamlit Team ,security@streamlit.io,outlook.com@bf07x.hubspotemail.net,mailto
"Turing - U.S. Software Jobs"" ",hiring@turing.com,emailabuse@turing.com,mailto
"EF Education First - Recrutement"" ",ef.recrutement@ef.com,"http://click.ef.com/subscription_center.aspx?jwt=eyJhbGciOiJIUzI1NiIsInR5cCI6IkpXVCJ9.eyJtaWQiOiI3Mjc4MTM3IiwicyI6IjI5MTYxMTUxMyIsImxpZCI6IjEwIiwiaiI6IjMwMzcxMjAiLCJqYiI6IjMxMDM4IiwiZCI6IjcwMTc1In0.DrgOAaqVTwTPyPUGyqi2fP0XOrSo2id9nd4M4smIIqE>,",lien
Erasmus+ OLS ,noreply@erasmusplusols.eu,https://mjjh.mjt.lu/unsub2?m=ANEAAMtencIAAcwPlXYAALhGa1oAAAAAAAYAHp8_AALFLQBive36gvp0sQBCR8-vQbSyV3Zz3AACppo&b=f2db00e8&e=fcabe656&x=uFlIVD6DAmEaCtTsGZve186BCvtynnHmu_8qhm6oGFc>,lien
Sebastian Krakowski ,noreply@qemailserver.com,"https://hhs.qualtrics.com/CP/Register.php?OptOut=true&RID=CGC_BpaItu3CNcuTRBU&LID=UR_0ccPUy83YLQ6c98&DID=EMD_Uyz9vsMzP9qmDTI&BT=aGhz&_=1>,",lien
Admissions 2022 ,admissions@ecandidats.fr,https://r.fr.ecandidats.fr/mk/un/li/A2w2RmuVZ3w_GTT8w2XKvtr6FXVYyv_lhXCPeKhwJ-hE2R5uPoCy1yR5x4G5Ku68Bj56t7IH7zc9NkY0cZ08KMIQPKmdQcBFaCIHlLZcGvNjdAwgnKH6p7xyiXqvJilyhhFuTgxGxTgYdJVXTxMtT3pVJR1Ec4bC4PleZpaRrLU>,lien
"Booking.com"" ",noreply@booking.com,https://www.booking.com/subscription_manager.html?aid=2037702&business_unit=booking&emk_token=6992TANOTQ&message_channel=email&rm=attraction_deals&source_id=1>,lien
"FranceConnect"" ",ne-pas-repondre@notification.franceconnect.gouv.fr,abuse@notification.franceconnect.gouv.fr,mailto
=?utf-8?Q?Jimmy=20Fairly?= ,wecare@jimmyfairly.com,"https://jimmyfairly.us2.list-manage.com/unsubscribe?u=6bbe1a6d005fc8a035163c6a6&id=064402d180&e=a0d0b95416&c=82d5a2306c>,",lien
Google ,no-reply@accounts.google.com,https://notifications.google.com/g/optout/AD-FnEyJAV1YsH1N0KPOcgPu1zQLY9EJlH9c9kbY-wIrkxrqMQHB70R__0Ca7vEeqOWroktZSTnzrbWbdDIOcTmUTrIejdHzfy5aSo-pKf7IZe1i0Q5llnRTuy8oHM7ZZb5h1CExBQrs?hl=fr>,lien
"Medium"" ",noreply@medium.com,https://medium-a7e301761373.intercom-mail.com/subscriptions/unsubscribe?app_id=zp3ii0g5&conversation_id=56625859511171&user_id=6070be4599316c0ca23609ad&source=header>,lien
"maprocuration.gouv.fr"" ",ne-pas-repondre@maprocuration.gouv.fr,https://r.interieur.maprocuration.gouv.fr/tr/un/li/0Be47avTprlaijfQS8lWeaNMTsi1Wn1S11EMReFgs0vgRffQzTDT0l5DY9efXbodqMP9RuJOjrIxy85tlkdXpu03CR9U2j7eIPfzlXpBn49lLi8i33fxJlOjiBEkDSrcqP2qSJFblW1Z0rzL0gsJTt3H9_-HGOlS2TMwWSSLK9PvSWBf1xzzWfTe7-9VE80ESzm735oHdve6RipYFUPO2opIYpuMOBiKBZ72mbQeJYflMkN7qHEWUxH2NNQKel6OxT2TXmticHbuXojW-yvTicFBlmWyB8Adtx9QfA>,lien
"EF Education First"" ",info.ls@ef.com,"https://click.ef.com/subscription_center.aspx?jwt=eyJhbGciOiJIUzI1NiIsInR5cCI6IkpXVCJ9.eyJtaWQiOiI3Mjc2MjQ5IiwicyI6IjMxMjU3Nzc4OSIsImxpZCI6Ijk1NCIsImoiOiIyOTc3OTg5IiwiamIiOiIyMTIiLCJkIjoiNzAxNzYifQ.oDcDd_IJpcvdZkKFIaju4T_iLwxA5wUCqMuwYH7vo6c>,",lien
=?utf-8?Q?MITx?= ,micromasters-support@mit.edu,"https://mit.us6.list-manage.com/unsubscribe?u=ad81d725159c1f322a0c54837&id=c623b96b82&e=b9aa3b7c4a&c=82e18ee2e1>,",lien
=?UTF-8?b?U27DpGxsdMOlZ2V0?= ,no-reply@snalltaget.se,https://x7vgr.mjt.lu/unsub2?m=AVsAAB_0Dg0AAAAAAAAAABwuTX0AAAAATMIAAAAAABdMlwBiPqz-5l0Y2MNGRbuH2NOeYj9qNgAW3fs&b=b46699c6&e=09110713&x=B1jtlFi52hRE84zT6riOI-KSuxI9rikZBYj0d6L77b8>,lien
Air France pour LUCAS BARBIER ,check-in@service-airfrance.com,v-icfcbn_bgdnnelcb_heiccool_heiccool_a-1@bounce.mail.service-airfrance.com,mailto
"easyJet Bookings"" ",bookings@info.easyjet.com,https://list-unsubscribe.eservice.emarsys.net/api/unsubscribe/798227641_19822_22454_ta0ZfGR8dT>,lien
"Coursera"" ",Coursera@email.coursera.org,"https://click.email.coursera.org/subscription_center.aspx?jwt=eyJhbGciOiJIUzI1NiIsInR5cCI6IkpXVCJ9.eyJtaWQiOiI1MTQwMDMwODkiLCJzIjoiNDkwMTI5MDAiLCJsaWQiOiIxMyIsImoiOiIxMjI0NSIsImpiIjoiNzE1MiIsImQiOiIxMTAwMTAifQ.CT354w0RTLfZPxHqgK6PIEsS4NgJ4GdGMTqlzVmL4os>,",lien
"Doctolib"" ",no-reply@doctolib.fr,https://r.ip-3.sib.doctolib.fr/tr/un/li/WcuYu0EbRPP1TDauY5q0IkvM8VwohjL-PYwri2KY-eyy3R-el77b56AVJ_OciVt6-hd-XE0FftkHzUmTIfQOkuCyxw55Medmli2Af4UmOi4x1FUd_Twu1PfKq8PFgT2XFuZSf3x9tRRyIuwJL1-enLM--98hbiF4i-gJ3lPHk_3EyriJh8hrUw5W44hAJ-XgCuNWCJE8UL4rlLI_OAvU8cXsmHduMXkMZXlRZjz-khJ6a3y0xDGUhh_gCu4WTi84>,lien
Telenor ,telenor@info.telenor.se,"http://info.telenor.se/public/list_unsubscribe.jsp?action=listUnsubscribe&gid=851555226&uid=9288153283&mid=854280909&siglistunsub=JODCJAHAMPOIKCKI&errorPage=/public/list_unsubscribe.jsp>,",lien
=?utf-8?Q?Jimmy=20Fairly?= ,bonjour@jimmyfairly.com,"https://jimmyfairly.us2.list-manage.com/unsubscribe?u=6bbe1a6d005fc8a035163c6a6&id=8066df2d68&e=a0d0b95416&c=5e3ca897d1>,",lien
"=?utf-8?B?Sm9oYW4gU8O2ZGVyYmVyZw==?=""
 ",johan.soderberg@go.mathworks.com,http://app.go.mathworks.com/e/u?s=646005169&elq=8fcd766baa6043f8869d8de70e859143&t=17>,lien
"Vente Du Diable.com"" ",vente-du-diable@info.vente-du-diable.com,https://list-unsubscribe.eservice.emarsys.net/api/unsubscribe/794158211_2365716_281488_52BSVfNvbJ>,lien
Pharnum ,ne-pas-repondre@pharnum.com,https://xy9wn.mjt.lu/unsub2?m=BAAAAnQFLZoAAAAAAAAAABiUqYgAAAAAjYIAAAAAABhLOwBh1tHKUkujlyJhQ5SA6A7CrSl0mwAXvNI&b=d8745969&e=77db3490&x=B1jtlFi52hRE84zT6riOI-KSuxI9rikZBYj0d6L77b8>,lien
Hugo Roussille ,hugo.roussille@apc.in2p3.fr,sympa@listes.u-paris.fr,mailto
Air France pour LUCAS BARBIER ,admin@infos-airfrance.com,"http://links.mail2.infos-airfrance.com/luoo/v1/S1RXcFlrTFBmMG1ka0ZwbzNOOXF4WjB0T0gyVG5VQlI3T0ZFVEdmNTYra2VoZy9qZEFQNGErWVJpMjBNbThISDJnd21IVG93S09wWk0vbVFzYWdrQ0RkM0NRd3pPR3BJS0>,",lien
=?UTF-8?Q?Baptiste_Corr=C3=A8ge?= ,bapt.correge@gmail.com,sympa@listes.u-paris.fr,mailto
Adrian Daerr ,adrian.daerr@u-paris.fr,sympa@listes.u-paris.fr,mailto
MAAF ,contact@contact.maaf.fr,https://5y46t.r.ag.d.sendibm3.com/mk/un/li/8jgy-siu57rltklAd3vqP6T51Q5oYzhP7ppc0ebXzu60cG_1lj-OUpUoXp3j3iQcJ-2k__mIIQ-KNQPYzSRE758g_z4lNvsVI0uCeiw6sUVe6f8BXx72Dp_LekQuh4JeTqHdVMRm-4dVRJJuvzQdSFl8OVG52k9eBfYs0IM8bBQ_dpi9SQ>,lien
=?utf-8?Q?MITx=20MicroMasters=20Programs?= ,micromasters-mit@mit.edu,"https://mit.us6.list-manage.com/unsubscribe?u=ad81d725159c1f322a0c54837&id=c623b96b82&e=b9aa3b7c4a&c=4684db165a>,",lien
"Florian Poydenot"" ",florian.poydenot@phys.ens.fr,sympa@listes.u-paris.fr,mailto
Air France ,admin@service-airfrance.com,v-pgcfap_beolkbbbo_gpknoald_gpknoald_a-1@bounce.mail.service-airfrance.com,mailto
Air France ,admin@ticket-airfrance.com,v-pbbedk_beolkbalp_gpknoaho_gpknoaho_a-1@bounce.mail.service-airfrance.com,mailto
Hamid Chitti ,chittihamid24@gmail.com,sympa@listes.u-paris.fr,mailto
"CANAL +"" ",canalplus@contact.canalplus.fr ,"https://tr.contact.canalplus.fr/hit/XSPQ/03Z/gz/Ouv48dBoQln50hA49YP2ECpCRF-YS01RPcRUHwwnWTis55NcPQeKpCm1ALZjj8vq5Wf6CL75PFSA5EMMzC8A3bITi9Jajc10BjansCUNYHoXzLYvdQLUiU-_BWcqaI5r7_w8VKsd5TwQjyj4TvfgbqUWrDVPHuCeHXv13DmkZrXVAPFYONOYjSGezsV24G_e_AGRxQ6WBQ8bJ5iRKb9sqiI2uiikMtlPYwxQHzI6Xda29N0btJMjPHiG65SPGMisjggPZ8ejHJEYoiWkXzFdJQtsktN7mqR7ifSAtMv3MCEuX5lnwbKhVAIBzW7umOzshDcGs87JzD9GpyZmAwffGXZJLr1EJ5cfxRCxCjN1eh-vPl90PedkqRIDqlx-ac-L>,<mailto:MPU-AXSPQ03Z-003B0U-005ZCSDC@contact.canalplus.fr?subject=unsubscribe>",lien
Justine Quentin ,justine.quentin@gmail.com,sympa@listes.u-paris.fr,mailto
"MathWorks"" ",mathworks@go.mathworks.com,http://app.go.mathworks.com/e/u?s=646005169&elq=212923e6ec7e44f9841666cdc5d89785&t=17>,lien
=?ISO-8859-1?Q?Matt=E9o_M=2E?= ,schonematt@hotmail.fr,sympa@listes.u-paris.fr,mailto
"snowinn"" ",noreply@apps.tradeinn.com,unsubscribe-a1bd2f765564ad77db2bd6149ecf1225@apps.tradeinn.com,mailto
Emily from Userneeds ,info@userneeds.ie,"http://link.userneeds.com/mail/ISPUnregister?guid=621a13gz019JuwYFaDg&mid=-1117809770>,<mailto:-1117809770_621a13gz019JuwYFaDg_A106@listmanager.carmamail.com>",lien
Michael BERHANU ,michael.berhanu@univ-paris-diderot.fr,sympa@listes.u-paris.fr,mailto
Vos documents MAAF ,vosdocumentsMAAF@information.maaf.fr,contact@unsubscribe.mm-send.com,mailto
MAAF ,enquete-maaf@coteclients.fr,https://xlkpw.mjt.lu/unsub2?m=EAAAAjCVdwkAAcktSD4AALFb-X8AAAAAAdYAAAAAAA65sABhZ_Z-n4oTliKnQKO77DMrqCcqWQAOdLM&b=011bbdae&e=49dfb468&x=B1jtlFi52hRE84zT6riOI-KSuxI9rikZBYj0d6L77b8>,lien
"Vente Du Diable.com"" ",vente-du-diable@infoclient.vente-du-diable.com,https://list-unsubscribe.eservice.emarsys.net/api/unsubscribe/794158211_2041026_876_52BSVfNvbJ>,lien
EDF ,votre-conseiller@relation-clients-edf.fr,"https://links.informations-edf.fr/luoo/v1/UnhQY3BXZ0hNMlZobW5nYVBYV0E1TkpzY1JOV2xIRXJtaVUwU2lITmNXVjZRbkwxWE9BSkhUTCtjQjNIT1dENkxuZ3dibmhhcTQ4amNkUnBLQkVJTTBkb28xZzlncTNBS0>,",lien
"Vente Du Diable.com"" ",ventes-du-diable@info.vente-du-diable.com,https://list-unsubscribe.eservice.emarsys.net/api/unsubscribe/794158211_2013417_296641_52BSVfNvbJ>,lien
"Martin Strathemann"" ",martins@go.mathworks.com,http://app.go.mathworks.com/e/u?s=646005169&elq=49a7f3361e164b89927b698504dfbb55&t=17>,lien
"Indify"" ",hello@indify.co,https://ddiieje.r.bh.d.sendibt3.com/tr/un/li/iFWkA-upi2i1rm8Jeufl_0r22z3GG83jAwigdLb_DPdDL8ehNKqVkG1MQ2JXxnEUyj9PyA7aMMtGGsTR-ETMe9_o6nYVV07ZHaA4ew9JOEqaQzM4clV4hjIo-vY97eyympYcJK35P7nSH0lltMqRnQUOR0EniFwnVWYudZQhOMbJe0e3GH1wZDpaNBj_8Upw_THhq_M>,lien
=?UTF-8?Q?Lotta_Userneedsilt=C3=A4?= ,info@userneeds.fi,"http://link.userneeds.com/mail/ISPUnregister?guid=621a13gz019NBJTJaDg&mid=-1152541714>,<mailto:-1152541714_621a13gz019NBJTJaDg_A106@listmanager.carmamail.com>",lien
"Notion"" ",notify@mail.notion.so,unsubscribe@unsub.spmta.com,mailto
"=?UTF-8?Q?C=C3=A9line_Arguairolles?=
 ",celine.arguairolles@ef.com,"http://click.ef.com/subscription_center.aspx?jwt=eyJhbGciOiJIUzI1NiIsInR5cCI6IkpXVCJ9.eyJtaWQiOiI3Mjc4MTM3IiwicyI6IjI5MTYxMTUxMyIsImxpZCI6IjEwIiwiaiI6IjI0MzYzNTUiLCJqYiI6IjI4MDU0IiwiZCI6IjcwMTYyIn0.hBYrVSAMqqvMjtGX4j-JdthN5e2gu36dsWjsUunpguk>,",lien
"EF Education First"" ",celebritystudent@ef.com,"http://click.ef.com/subscription_center.aspx?jwt=eyJhbGciOiJIUzI1NiIsInR5cCI6IkpXVCJ9.eyJtaWQiOiI3Mjc4MTM3IiwicyI6IjI5MTYxMTUxMyIsImxpZCI6IjEwIiwiaiI6IjI0MjUxMjgiLCJqYiI6IjMxMDcyIiwiZCI6IjcwMTYzIn0.QEr_-uThQ4teyTGQ3cZEoAfXoV6DH1T2fj0DvqGFm9s>,",lien
FranceConnect ,ne-pas-repondre@franceconnect.gouv.fr,https://4756.mjt.lu/unsub2?m=AMoAAKx4LZAAAAAAAAAAAKpDnHYAAP-KF9gAAAAAAAR7kgBhHYZDOMubtPdyTYqn9O6P0gLgbQAESuY&b=6a760cd8&e=057a2847&x=B1jtlFi52hRE84zT6riOI-KSuxI9rikZBYj0d6L77b8>,lien
=?UTF-8?q?L=27=C3=A9quipe_ADN?= ,contact@animedigitalnetwork.fr,https://xzjux.mjt.lu/unsub2?m=CAAAAgb7km0AAAAAAAAAAbKSZtUAAYCqSUAAAAAAABJr-wBhGkhG_102X5W2QTa_ocDJiFnhEwASbSs&b=b9147a63&e=4ce68aa8&x=B1jtlFi52hRE84zT6riOI-KSuxI9rikZBYj0d6L77b8>,lien
Ophtalmologie Express ,contact@ophtalmologie-express.fr,https://6pcp5.r.ah.d.sendibm4.com/mk/un/li/gRXPUItpkWMyEjBuhhOuG_0KDXH_l521iDe1BKucnJIf61NMzQ3p8MRq5CsAtBNXiwUePifgOsXtEuskIi3AjtlUVJWv-Lu3zh2BBZF1DMnbxlhkuIEYNxMB07PSERBfTqFsErTITAakuQBpXBM>,lien
"HarvardX"" ",harvardx-news@harvard.edu,https://manage.kmail-lists.com/subscriptions/unsubscribe?a=APWNu4&c=01EYFEPNH16Z0TW9SKH48T608H&k=3b4851dd603f0237e0adb62664ebdc33&m=QPGXWw&r=BkuHeYX>,lien
"france.tv"" ",no-reply@nl.francetv.fr,bounces@nl.francetv.fr,mailto
"Outletinn"" ",ana@news.tradeinn.com,unsubscribe-6b7f30bb5884908d2d851b9bd35c61e6@news.tradeinn.com,mailto
=?utf-8?Q?MIT=20Open=20Learning?= ,MicroMasters-Support@mit.edu,"https://edx.us6.list-manage.com/unsubscribe?u=ad81d725159c1f322a0c54837&id=e07062bda1&e=b9aa3b7c4a&c=39bd0f31f1>,",lien
Queen Mary University of London ,donotreply-studentmarketing@qmul.ac.uk,outlook.com@bf07x.hubspotemail.net,mailto
MYM ,mailer@mym.fans,https://xho33.mjt.lu/unsub2?m=EAAAAeErL3cAAAAAAAAAABTP654AAAAAuGEAAAAAABRXuwBg0vpVzxEIu0miQkOPHldMIU_1pwABdcU&b=61927cba&e=ec8d6f64&x=B1jtlFi52hRE84zT6riOI-KSuxI9rikZBYj0d6L77b8>,lien
=?UTF-8?B?V2l4LmNvbQ==?= ,wix-team@emails.wix.com,https://emails.wix.com/pub/optout/UnsubscribeOneStepConfirmAction?YES=true&_ri_=X0Gzc2X%3DAQpglLjHJlTQGizekH6ERu6YH92Uv9XFAFgyGMGzbNBE84NUinRm4mWsizdHyftHzbza22useBtCub3zcEwHbK&_ei_=EolaGGF4SNMvxFF7KucKuWP6AnOrAp2FsB7u4zqTO1I26X0esNnZt1v0HLKB9pjgLnxHU3CEWbDLKpWf2-yw6nv8T9sbnp-nxXAFqfH-4v-5dI9vR1PoE4hmZJqI05tT7RoIzYx_K5buBhggxCQ.>,lien
"study@chalmers.se"" ",nyhetsbrev@chalmers.se,https://evt.ungpd.com/Unsubscribe.aspx?AccountId=8117a48b-bad0-418e-b612-2186302f6ab7&ContactId=516e1e23-5667-4ec1-b063-208c35c63bc7&IssueId=cdcafb47-5a9a-4c1b-bffc-de026b529ecc&ir=849b4216-5add-4f84-b11f-495c3737ce24>,lien
=?utf-8?Q?Jimmy=20Fairly?= ,ecom@jimmyfairly.com,"https://jimmyfairly.us2.list-manage.com/unsubscribe?u=6bbe1a6d005fc8a035163c6a6&id=8066df2d68&e=a0d0b95416&c=92d5f4e227>,",lien
"UHR"" ",noreply@uhr.se,"https://www.anpdm.com/oa-auto/28942804/444159437342475B47744346594B71>,<mailto:delist@apsis.com?subject=UnReg:28942804::444159437342475B47744346594B71::2>",lien
"Covidliste"" ",inscription@covidliste.com,https://r.sib.covidliste.com/tr/un/li/LQKWVj9Au3lWE2G18i0pb2l0ig8Osp-wUb583O5nPDPKrKbBxUo4eY1IAOvxEGgBbE7ATYHHsyAS7CBYXQoVVk4YK6yPGg6j5BuUMtDKzGkPcHUDwpT2eQPRfmqB7y1wxpk_zxZKc6ran5Icn1WBqBYGB-6oPTtZPE6HDg>,lien
"Medium"" ",yourfriends@medium.com,https://medium-a7e301761373.intercom-mail.com/subscriptions/unsubscribe?app_id=zp3ii0g5&conversation_id=56625827644992&user_id=6070be4599316c0ca23609ad&source=header>,lien
"Canva"" ",start@engage.canva.com,v3_GU4TSNRVHFRGINLDGVQTMOBTGI4DGZDFGM2DSZC7GU4TSNRVMFRWKNJWMVRTGMJTGA2DMMZSGQ2DSZC7GU4WMNRXMNSWENJWMVRTGMJQGFRDAOBZGUYDCZS7JZVECNCNNJRTIWTKJE2U4VCZO5GUOTJSLEZFSNCNKRIXUWLNKZVVQ6KSMZMTETLNLJDWWOK2KRVTETLKIE2E2V2SNFMXURTJLJKEKMSOI5ETAT2ENMZVSVCSNFHDEWJTJZDVCMCONVEW2YSYLE4U42SBGRGWUYZVJVWU42K2I5GXUWSELEZU23KFO5HEORJULJVEM3KKNZBHAUCYMRWWG6K2GNIFIWLXJ5CESM2PI5MXST2UKUZE2RCCNJHG2TTNJ5CEKMCNGJFGUWLZLIZWI2RQGJGUIZ3ZJZ5GQ3KNNJVTCTTKIF3VS6S2NJNGUZ3YJZCE42K2KRCT2@unsubscribe.emailinboundprocessing.com,mailto
=?UTF-8?q?France_Universit=C3=A9_Num=C3=A9rique?= ,news@fun-mooc.fr,https://r.news1.fun-mooc.fr/mk/un/li/U-w5kBlxXFtL2OiismbJNG8-fqPkPo6TjBXvgCTLIYJXk8QrAojA33XOOv-jesxgmsLWLEaRcKGVkVTNvCZb3Ezx1uLasbLdrG7CJ3j_L4-ic3kyHC8-QaOWXnxx7oWeARjXParwYALo0CJT3A>,lien
HackerRank Team ,no-reply@hackerrankmail.com,https://link.mailgun.com/u/eJwdzDkOwyAQAMDXhBKxsFwFRZp8w1owli1DsAD_P8cDZtbgjSHJjiCFBIEAgIDSceAAWmvlXg6lfyqPDxRXG7PSmLnzndKZe6f3WekoPLXK9qCStSbF1aBTJLUHDXYzm7LCIvpkWA_lTjQi9di_X7tnae386xl-0TJzvQrNvGj1AV7eL2M>,lien
SoloLearn ,team@info.sololearn.com,"https://links.sololearn.com/e/encryptedUnsubscribe?_r=cb53f5ab55da44ddb68d70301ef2fd95&_s=0eba921e64744909b540650373dc0dbc&_t=NCBC2Y3pafaYP647w3hjnmO30FNeiz59zycnFJTWZv_mAnpJZrXufbmep8GE7VhZT51YW7ANMmw1VCD1maF6huqWPHujG_sSV1JWEj-dACxbWRcwMZdBKrhduBVEo5sJfCJ4SzMGUPZu_Zs-UpWP0J0koIjVvbv0cJfltAH2yQ8%3D>,<mailto:unsubscribe+2189110+3001491@unsubscribe.iterable.com>",lien
Les Crous ,no-reply@national.lescrous.fr,P-U-216299408-30486008-C-223297424@national.lescrous.fr,mailto
Adrian Daerr ,adrian.daerr@univ-paris-diderot.fr,sympa@listes.u-paris.fr,mailto
Heroku ,noreply@heroku.com,https://link.mailgun.com/u/eJwVzUEOgyAQQNHTyA4zAg7Dgl3vYQYYW1MrDWqa3r72AP_9Er1BUUtEwCGbUMYUiCY2nFNIAQsIuSHMqXNQvlvVYUZywKCvgLSzftRkndEgIr6MFJBt_-JlVY9YwCBDZieu8OATgM0DkxCKnz2TanE9M--JW2rXoJ7HWuuzz_WljvhHpHX2tsln2pf7dr5_l7A0RQ>,lien
"github-learning-lab[bot]"" ",notifications@github.com,https://github.com/notifications/unsubscribe/ATNIHHUU2I7YUN6X4ZXTG5LTFSOULANCNFSM4Z3RUY2Q>,lien
edX ,news@edx.org,"https://link.edx.org/oc/5fabcbd10199b6396c2ecbd16058196d3985a2563fe6f0a6/dd503ff0>,",lien
"SoloLearn"" ",info@sololearn.com,https://u2153803.ct.sendgrid.net/wf/unsubscribe*q*upn=YIcAWPJZx94BPKBFP-2BC5fJI7XCCgUJ6rq7TBO1UcGlUOYhESpe-2FZG64KQchdSy0F9glFgsspfExvLQIA1Id0qRlrWY2zVB-2Bfg0gDU657cmpvK3PAoI9sng30w6gmiJnovr7rO3qXO1jEUmDYJWXQD1L-2FboYeUsaJDYxam7Un-2BgHDMotLpVH6o6-2FdyKnxGBXbBxhPgfrz8t8aDniNy20DZ8BWKP1uoCrg5k-2FLos-2B6qCs-3D>,lien
"HSE University"" ",no-reply@m.mail.coursera.org,unsubscribe@mail.coursera.org,mailto
=?utf-8?Q?Jimmy=20Fairly?= ,noreply@jimmyfairly.com,"https://jimmyfairly.us2.list-manage.com/unsubscribe?u=6bbe1a6d005fc8a035163c6a6&id=8066df2d68&e=a0d0b95416&c=aea4fbe7ba>,",lien
"Microsoft Rewards"" ",microsoftrewards@email.microsoftrewards.com,leave-fd8915711a3c402029-fe5d17747363077e7316-fefd1771746203-fe6215707c6200797115-ff311c707562@leave.email.microsoftrewards.com,mailto
edX ,courses@edx.org,"https://link.edx.org/oc/5fabcbd10199b6396c2ecbd1603321c5b6376e210f1c1dbc/ef288c1c>,",lien
Gibert Joseph Logistique ,service.client@gibertjoseph.com,https://r30o.mjt.lu/unsub2?m=ANAAAJTjsq8AAAAAAAAAAK5nLz4AAWeuMpAAAAAAAApsowBgJkhPxxeuSxvHQJCRxMNG_hWW2QAA2AE&b=06b2e9f7&e=be8f1932&x=B1jtlFi52hRE84zT6riOI-KSuxI9rikZBYj0d6L77b8>,lien
Service Client Gibert ,service.client@gibert.com,https://rp9i.mjt.lu/unsub2?m=AUsAACIAdDUAAAAAAAAAAOySv3UAAWzralQAAAAAAApsUgBgI937MrUcaR4jRH2IYy5gLduGJwAA2AE&b=6f1b2df3&e=377c95d1&x=B1jtlFi52hRE84zT6riOI-KSuxI9rikZBYj0d6L77b8>,lien
Blandine Lebrun ,blandine.lebrunppm@gmail.com,sympa@listes.u-paris.fr,mailto
"Neevo from Neevo"" ",neevo@neevo.ai,https://neevo.intercom-mail.com/subscriptions/unsubscribe?app_id=vwza49x0&conversation_id=126007106434604&user_id=5ea2bd29afa3efc6b6f08101>,lien
=?utf-8?Q?Zoom=20Video=20Communications?= ,teamzoom@zoom.us,"https://zoom.us5.list-manage.com/unsubscribe?u=246be7c94abce5e51bf4996a4&id=60fe8c71eb&e=3bbb8b28fe&c=9f88401201>,",lien
"Change.org"" ",change@e.change.org,unsubscribe@unsub.spmta.com,mailto
"Neevo"" ",noreply@neevo.ai,https://neevo.intercom-mail.com/subscriptions/unsubscribe?app_id=vwza49x0&conversation_id=126007105986719&user_id=5ea2bd29afa3efc6b6f08101>,lien
Google Account ,googleaccount-noreply@google.com,https://www.google.com/appserve/mkt/optout/AD-FnEzbUkU-GRAZ_CEb9yuEc9tSfHs-PtHoBNwC9YZUNCoeTZVY5-a47Zekg4rlWcBZHRK3GarZV3Knd0cjpxEr9F60c2070Kh1f89cVdFVRxMtJu3iBsWm?hl=fr>,lien
monCVparfait ,lettreinformation@mailer.moncvparfait.fr,"http://links.mailer.moncvparfait.fr/e/encryptedUnsubscribe?_r=75123fa42d4b4b45aee9d7bbf1c094ba&_s=0534aeef7def4e6d936320fa3ee1663d&_t=-Mo2gkwtDq8Y-2fi5mDCjZBfYi389yF_01WPvLwsJKhjd-r_Hyht3V8Q6NIz5KKAtsWYHVHiYipk-Nwsyb9Hu31yPUcjIbVPpr2-9ZtH5Cs-jjSQeTt0IBGMpN6vdeAySsvTjKjujeFkW1Uq4esP4Nm4kIQwRRoNX4n9RLA1BPw%3D>,<mailto:unsubscribe+1856398+2552635@unsubscribe.iterable.com>",lien
"Petit BamBou"" ",bienvenue@petitbambou.com,https://cjcefbj.r.bh.d.sendibt3.com/tr/un/li/lSIaSc05jjoc_Q0f_cF6vSz0mqVJLlT-Cw1iR02-7BcPZ7NWBdkRuUznJ7fEjZSDLuJsHe8yxklUrvLll5vUl5SO6PZTxMwQmkKMR0jlrlbadjAgp9d7NFXbYXky-l6Kma0hx4SrFjuN6apwMJ4MRh3kklbOSF2o3-xOzxgV0iV6ge8>,lien
=?utf-8?Q?Nada=20Hassan?= ,export@dubicars.com,"https://dubicars.us10.list-manage.com/unsubscribe?u=e611290bd709b3ad5069261c2&id=3d8d3facba&e=649bd32ba8&c=58141f0f9c>,",lien
"=?UTF-8?Q?Aur=C3=A9lie_Martin?=
 ",aurelie.martin@mailer.moncvparfait.fr,"http://links.mailer.moncvparfait.fr/e/encryptedUnsubscribe?_r=75123fa42d4b4b45aee9d7bbf1c094ba&_s=b562c6020351454084f8bcc25e496930&_t=MRNBNwg2ceL9H1GX9ZVGmKRnWlt_MqHObAzwJpdOAKnDhcI-Sk0ZIKi6JvApT8ej10ho0pOG4HMe9DlXLxthiaHWs34c7ZRYdVbMVFlK-3TvW1O8LP3ULUWJ61gH1cSLE8jbCh974qRa0CI_ZViOLrzF4BDt_X13dfiLw9VqAgQ%3D>,<mailto:unsubscribe+1790897+2466407@unsubscribe.iterable.com>",lien
arkose&co ,communication@arkose.com,https://q10w.mjt.lu/unsub2?m=AMUAAIve3B8AAcpxr7IAAKjKbGkAAAAUTR4AJLLwAAnxjABfzaeFZZaUtXBbQ9SycLlyVRaAvAAJaPg&b=a3d61a2e&e=9e1a5565&x=B1jtlFi52hRE84zT6riOI-KSuxI9rikZBYj0d6L77b8>,lien
Hubside ,no-reply@n2.hubside.com,https://nkrq.mjt.lu/unsub2?m=EAAAAUMvYMwAActEWrYAALXLg9EAAYCrKZIAAAAAAAnKJgBfyhI-rE7kYWiMQ_SdVHcCAaJbSwAJRb4&b=35f493ee&e=b429a88a&x=B1jtlFi52hRE84zT6riOI-KSuxI9rikZBYj0d6L77b8>,lien
Anais Feasson ,anaisfeasson@yahoo.fr,sympa@listes.u-paris.fr,mailto
Prosper Emerguy ,emerguyprosper@gmail.com,sympa@listes.u-paris.fr,mailto
Natalie Blot ,nataliebsemail@gmail.com,sympa@listes.u-paris.fr,mailto
Les Crous ,LesCrous@national.lescrous.fr,P-U-190971584-121442060-C-196320872@national.lescrous.fr,mailto
"=?utf-8?Q?Cr=C3=A9dit?= Agricole d'Ile-de-France
 ",infoclients.noreply@emailing.ca-paris.fr,https://cadif.massmailing-grp-ext.credit-agricole.fr/optout/10183235/23-j1bTIs8MIYd6WDK/fbl>,lien
YouTube ,noreply@youtube.com,http://www.youtube.com/email_unsubscribe?uid=TemDxAE7k_bq96EVRtPi_A&action_unsubscribe=9-eXNTAiIY18232EgAyMuD5VYn58MTYwMzc5ODk3MkAxNjAzNzk4OTcy&feature=em-comments>,lien
"Change.org"" ",change@a.change.org,unsubscribe@unsub.spmta.com,mailto
"fastnfluent"" ",fabrice@fastnfluent.com,http://fastnfluent.activehosted.com/box.php?nl=10&c=135&m=248&s=c5f072d5ee06ed3bfa6896aa4bbc1227&funcml=unsub2&luha=1>,lien
"=?UTF-8?B?Q3LDqWRpdCBBZ3JpY29sZSBkJ0lsZS1kZS1GcmFuY2U=?=
 ",diffusion@e-ca-paris.fr,unsubscribe@ca.mail.e.sparkpost.com,mailto
"Caitlyn at Toggl Track"" ",support@track.toggl.com,https://toggl.intercom-mail.com/subscriptions/unsubscribe?app_id=ayixs927&conversation_id=106481304450551&user_id=5f16fad79e32f5127f004285>,lien
Agence imagine R ,nepasrepondre@communication-navigo.fr,https://uo7q.mjt.lu/unsub2?m=EAAAAQ9Pc7gAAcfNckQAAI_MmkwAAYCqm8kAAAAAAAWE6ABfatrGN877TtfITDSRd068Xzg1GQAEZco&b=e8804f9b&e=2a6e815d&x=B1jtlFi52hRE84zT6riOI-KSuxI9rikZBYj0d6L77b8>,lien
=?utf-8?Q?1026=20studio?= ,hello@1026.studio,"https://studio.us1.list-manage.com/unsubscribe?u=c6540724bfbf38af3330e2d06&id=5a2b1d2ba1&e=ba211de8fa&c=a55f967b7f>,",lien
Les Crous ,lescrous@national.lescrous.fr,unsubscribe-184327712-116245364-178916000-607760-44-185713280-44-44@national.lescrous.fr,mailto
Charlotte Sert ,Charlotte.Sert@univ-paris-diderot.fr,sympa@listes.univ-paris-diderot.fr,mailto
=?UTF-8?Q?L=c3=a9a_Fraisse?= ,lea.fraisse@univ-paris-diderot.fr,sympa@listes.univ-paris-diderot.fr,mailto
Samy Abbes ,samy.abbes@univ-paris-diderot.fr,sympa@listes.univ-paris-diderot.fr,mailto
=?utf-8?Q?Neoness?= ,noreply@neoness-forme.com,"https://neoness-forme.us13.list-manage.com/unsubscribe?u=ead1332cd440a21145547b338&id=208ac4d6fa&e=c911f81539&c=7552f7b5a0>,",lien
"Duolingo"" ",hello@duolingo.com,unsubscribe@unsub.spmta.com,mailto
"Elisabeth from Neevo"" ",elisabeth-ishikawa@neevo.ai,https://neevo.intercom-mail.com/subscriptions/unsubscribe?app_id=vwza49x0&conversation_id=126007100674928&user_id=5ea2bd29afa3efc6b6f08101>,lien
"Vacanceselect"" ",Vacanceselect@b2d1068.espmp-nifr.net ,"https://tr.b2d1068.espmp-nifr.net/hit/B2D1/068/gz/FovFN82ZcjJ6bKtDjDCZxxK1rSP9Gy--ck5r-IiY7gJwYPX8QfzLrjoVnrFsGHtjOP77k7bBIFvSLoCyR-cDPZ-13Bo22YBcKtJMSUVgcOzg__jggQ-xGmF_1QQ6CZ9COF46erpV8-qEdOka9KQ4qsPxIfY-ncna5dkzm8wxlvgka7ivCGLmzLgo33q2WR5xzaT0DrkfTq1T62fqgKXpdYez9JKF3ZelxQZZ4EGyhJL9Y4Hm48_1gQPgFtREu_mcillX83i7iUhoEv4KsuxDFzIUToKgTxyjBD_cqMiQk2CNaCGiK8tsEe628P1k0AW6d1b8fawVANozVeqyLDqTk9EUZ888cUui2LlAtQv266yYy9w90dmLl2D6>,<mailto:MPU-AB2D1068-002LL2-002B8O9C@b2d1068.espmp-nifr.net?subject=unsubscribe>",lien
Audrey DALLA FRANCESCA ,audrey.dallafrancesca@univ-paris-diderot.fr,sympa@listes.univ-paris-diderot.fr,mailto
Lea Fraisse ,Lea.Fraisse@univ-paris-diderot.fr,sympa@listes.univ-paris-diderot.fr,mailto
"easyJet"" ",news@travel.easyjet.com,https://list-unsubscribe.eservice.emarsys.net/api/unsubscribe/798227641_4799_711315_mE46rFDcHa>,lien
Indeed Apply ,indeedapply@indeed.com,http://subscriptions.indeed.com/optout?co=FR&hl=fr&tk=1e8hn8am53oa6800&ctt=CiBrCShVpWeNBcHj49G3C4ou4MNrThg2I-t5HhWOXtfjGhIgKumM_wfXWyjGzUxgRMx_x9tN9_RepzXfth-vzHECpVwaEEd81CYFy225yNPNw_4RshM%3D&token=CkBG6RSwXsqXZtQG-ZSkaDWTcv_HbJB8RBnVnEKtBpb6Nkw3EJj30-eerdmrsL80Oz6P0cavGIIccWPmLv2byza7EiCgjzCDGIvrI5VRRAbYhfptwYNEfeS4y4WLo7sxNlW-ShoQQ3QkoNMAnGWVqgti4iXwog%3D%3D&from=header,lien
Votre Assurance Maladie ,assurance-maladie@info.ameli.fr,https://stats.info.ameli.fr/u/>,lien
"easyJet"" ",easyjet@travel.easyjet.com,https://list-unsubscribe.eservice.emarsys.net/api/unsubscribe/798227641_3812_410978_mE46rFDcHa>,lien
Ashampoo Account-Team ,account@ashampoo.com,https://www.ashampoo.com/unsubscribe/f99ffbf788c03864f2b648fb078031b2b191ed42b1002fab90eab66e71fa556c/?email=lucasbarbr@outlook.com>,lien
"OpenClassrooms"" ",no-reply@notify.openclassrooms.com,unsubscribe@unsub.spmta.com,mailto
"easyJet"" ",holidays@travel.easyjet.com,https://list-unsubscribe.eservice.emarsys.net/api/unsubscribe/798227641_3781_994082_mE46rFDcHa>,lien
Ashampoo News ,news@ashampoo.com,https://www.ashampoo.com/unsubscribe/f99ffbf788c03864f2b648fb078031b2b191ed42b1002fab90eab66e71fa556c/?email=lucasbarbr@outlook.com>,lien
"easyJet"" ",inspiration@travel.easyjet.com,https://list-unsubscribe.eservice.emarsys.net/api/unsubscribe/798227641_3660_2213563_mE46rFDcHa>,lien
The TOEFL Program ,donotreply@toefltest.ets.org,v-cicbejj_paplciahjn_ggkfbale_ggkfbale_a@bounce.mkt1126.com,mailto
=?UTF-8?B?ZWFzeUpldA==?= ,bookings@email.easyJet.com,https://email.easyjet.com/pub/optout/UnsubscribeOneStepConfirmAction?YES=true&_ri_=X0Gzc2X%3DAQpglLjHJlYQGkzb5zeLtiYGJtzeSEbzczazeGg7GcgzeIe7E8zaIzfd54IrMJzfdD45X7nIeo2hC&_ei_=EolaGGF4SNMvxFF7KucKuWP6AnOrAp2FsB7u4zqTO1I2wB8JiRYpH_GM6xQdQZIRjCf39U9ky_LFspoS36hnr03uYnpL5kQy6Uzi7EaApH2CYYc9RsBJ-zmGTJHXCKM.>,lien
"Expedia.fr"" ",Expedia@fr.expediamail.com,"https://link.fr.expediamail.com/uc/2/1cla%3AMjUwMzUwOTg%3AMDItYjIwMDc3LWU1MDdiN2IyYTI5NjQzZGZiNjI1YjQ4OGRkYTg2MWE0%3AbHVjYXNiYXJickBvdXRsb29rLmNvbQ%3ARlIuTVIuRElTQ09WRVIuTUVSQ0hPVEhFUi5HRU5FUklDJkVNTERUTD1EQVRFMjAyMDAzMTIuU0lEWC5LRVlYLlBBSUQ5OTk5OTk5OTkuTEFOR0ZSX0ZSLk1DSURYLlRFU1QxLlZFUlNYLk1JRFMxLTc1OTk5XzItNzYyNDA%3An%3An%3AMlIGbnRuHCxdFIwoD89OtQ>,",lien
"Picard & Moi"" ",picardetmoi@mail.picard.fr,"https://mail.picard.fr/optiext/optiextension.dll?ID=3vu3q9Druq1jyowIkAOx6ftIDbbQAkrD1kxUgwuMzFinVsVh%2B6HY_DIk1o%2BZyZsLzfGDAgUQTmCBIMBcCKbJUM%2BbF%2BApw>,",lien
"easyJet"" ",donotreply@info.easyjet.com,https://list-unsubscribe.eservice.emarsys.net/api/unsubscribe/798227641_3129_4840968_mE46rFDcHa>,lien
Milele Motors ,info@milelemotors.com,http://43wh2.r.ag.d.sendibm3.com/mk/un/li/aRtsfJdKYNUhf-5pB76qlT5F2EGvlbDHA6ZmigLd0PpvehXkSmXxkL0r5K3cXiXTDJuTimz2GCuVTnrSBTsio4BR3TMReo6auXpRQF03lNTSptPiokv0GkfUDbt7Hj5ZksF30RAWj0S95EU-bWd->,lien
"Laure, Direct Ferries"" ",df@e.directferries.com,https://e.directferries.com/2LB1-1K1W1-C69BS0GY71/uauto.aspx>,lien
Redbubble ,email@e.redbubble.com,"https://link.redbubble.com/oc/5dbf2c9d2a077c314f709e81bnmw4.8mli/61eef854>,",lien
Indeed ,job-search@indeed.com,http://subscriptions.indeed.com/optout?co=FR&hl=fr&tk=1e1uvmjh33864801&ctt=CiAQ42ARqJUoalFu1mZOBnDCQjI8o1VTVIjxJHR0RN2FaBIgxLz2qQS6ds13vgU7Ll9qafI8BHks7uWO0swGaFA0guUaED_xmIwGnQLhPy2zaSM9RCk%3D&token=CkCh15hAXuElr9FD6hbwIPpAmcJU0MBryDNZ34FogISs1Df85CmdEzrmI8A7c1BgQPfDkF6975fl2sF_lz5Nd8gTEiCX4GfjdTWVwZ0XHLMePtyOYrOUlokS7EeF3CF-68pOkRoQMNxATbHN1mDW2Z5L_JtV4Q%3D%3D&from=header,lien
=?utf-8?Q?Lise=20d=27Altibus.com?= ,lise@altibus.com,"https://altibus.us9.list-manage.com/unsubscribe?u=b00ce8ef6d91820e503333d31&id=999d105c1b&e=28d4bb5e52&c=6c57282fee>,",lien
=?UTF-8?B?ZWFzeUpldA==?= ,holidays@email.easyJet.com,https://email.easyjet.com/pub/optout/UnsubscribeOneStepConfirmAction?YES=true&_ri_=X0Gzc2X%3DYQpglLjHJlYQGkTpeFYyjPeGkN4wBsTgIcW7oggO4zb4d92Y36iNWuzgkmBzcc6GWCH7zfh&_ei_=EolaGGF4SNMvxFF7KucKuWP6AnOrAp2FsB7u4zqTO1I2wB8JiRYpH_GM6xQdQZIRjCf39U9ky_LFspoS36hnr03uYnpL5kQy6Uzi7EaApH2CYYc9RsBJ-zmGTJHXCKM.>,lien
"=?UTF-8?Q?beIN_SPORTS?="" ",information@beinsportsconnect.fr,"https://s3s.fr/l-uns/6131204/1201740/2136749578.html>,",lien
Fnac ,Fnac@consumer-live.com,https://cinte.consumer-live.com/unsubscribe/18/a6e3332fe2383428254e82f9ba6ee8f8bd887e41/0>,lien
"EA"" ",EA@e.ea.com,leave-fd8215781a3c402029-fe26117376670375761273-febe177776610c7a-fe8b13727761037471-ff011575776402@leave.e.ea.com,mailto
=?utf-8?Q?Anchor?= ,noreply@anchor.fm,"https://anchor.us12.list-manage.com/unsubscribe?u=6f574da9f026d0b4ee8b35efc&id=80942c7a70&e=6b60950cfa&c=1a987b8962>,",lien
=?UTF-8?Q?Yuka?= ,hello@yuka.io,https://r.m.yuka.io/tr/un/li/VXBtQO8gB6s6_-LcH3jcryj_eiTbwyxOmEvEnb6PUsirLIdtIEPNMEgT3GaCmWyCAdGoe2y8ic1XR1nh4vYC4jatQGg-D55o02rWc-AEPmoVF4fyaf9Skp2bHDX8DR2WXd_cDEhhlS4PBApNtbCfrVHnJw>,lien
Marcos Benzaquen ,marcos.benzaquen@etu.univ-paris-diderot.fr,sympa@listes.univ-paris-diderot.fr,mailto
=?utf-8?Q?Lise=20d=27Altibus.com?= ,newsletter@altibus.com,"https://altibus.us9.list-manage.com/unsubscribe?u=b00ce8ef6d91820e503333d31&id=999d105c1b&e=28d4bb5e52&c=799f458c7d>,",lien
Redbubble ,redbubble@delightedapp.com,https://delighted.com/e/fr/u/5VMFFmHQtoMfi04ZF1OjDlNc/2Jwrb5Tv>,lien
"Mimo"" ",support@getmimo.com,https://email.getmimo.com/unsubscribe/RKmpAwAAAW6ji6VE7H2M8lV2f44rRg==>,lien
=?UTF-8?B?ZWFzeUpldA==?= ,generationeasyJet@email.easyJet.com,https://email.easyjet.com/pub/optout/UnsubscribeOneStepConfirmAction?YES=true&_ri_=X0Gzc2X%3DYQpglLjHJlYQGuzfap0ut8GlyYHXzbzfMLouqnjCiDHqBzgRoOHzfwSCyXtqjNXzan20OMze9s&_ei_=EolaGGF4SNMvxFF7KucKuWP6AnOrAp2FsB7u4zqTO1I2wB8JiRYpH_GM6xQdQZIRjCf39U9ky_LFspoS36hnr03uYnpL5kQy6Uzi7EaApH2CYYc9RsBJ-zmGTJHXCKM.>,lien
FNAC ,info@fnac.nexway.com,https://xwv9g.mjt.lu/unsub2?m=AM8AAFZRd4YAAcidGAIAAKsBUgYAAAAAtpMAmxtmAAyXxwBd0q7e3-tgRdi4SJ6IJ5e3CnPl2wAMBcI&b=ab84c2f7&e=c575dbb3&x=B1jtlFi52hRE84zT6riOI-KSuxI9rikZBYj0d6L77b8>,lien
=?utf-8?Q?J=C3=A9r=C3=A9my=20de=201026?= ,jeremy@1026.life,"https://studio.us1.list-manage.com/unsubscribe?u=c6540724bfbf38af3330e2d06&id=cb5134957a&e=ba211de8fa&c=ebefe04bb5>,",lien
"Bitdefender"" ",connect@hello.bitdefender.com,https://list-unsubscribe.eservice.emarsys.net/api/unsubscribe/786874886_48700_5031_Jzk6wmkYeH>,lien
"=?UTF-8?Q?6play?="" ",newsletter@programme.m6.fr,gezdmmrngeytiobufu4tiojyg4zdk@lu.service6play.m6.fr,mailto
"Betclic"" ",communication@emails.betclic.fr,https://list-unsubscribe.eservice.emarsys.net/api/unsubscribe/794521575_305772_16716_rcVm5Q7UuU>,lien
"=?UTF-8?Q?beIN_SPORTS?="" ",information@mailing.beinsports.fr,"https://s3s.fr/l-uns/5613913/1201740/2136749578.html>,",lien
ARKOSE ,no-reply@extraclub.fr,contact@arkose.com,mailto
The Khan Academy team ,hello@khanacademy.org,"https://emails.khanacademy.org/oc/5bc065b2cdb7ec707c3c9e00alato.9wj6/f4fbf39a>,",lien
"Directferries.com"" ",reviews@directferries.com,u+mq6wgyrsgnqwkjtjhvkestkfkrauetcfknlfe3cinf2tgzsrgaydanbqgvstsjjugbsgs4tfmn2gmzlsojuwk4zomnxw2jtihvrdqzdfha2ggmrxgzswcolghfstcn3fgvstqojwhbtgezrqhe3dsjtshvwhky3bonrgc4tcoistimdpov2gy33pnmxgg33nez2d243infyf6ztfojzhsx3smv3gszlxl5zgk4lvmvzxi@directferries.com,mailto
"Evernote Team"" ",team@emails.evernote.com,leave-fd8311731a3c402029-fe1d15797c600075701274-fefc157470650c-fe8113727d6c0d7872-fefb15727c640c@leave.emails.evernote.com,mailto
"Directferries.com"" ",noreply@directferries.com,u+mq6wgyrsgnqwkjtjhvcemv2fijjvmurrgrtg2m2zorygi5ltgaydambumyzgejjugbsgs4tfmn2gmzlsojuwk4zomnxw2jtihu2tgmjqmi2tmmzqha3donddga3tmmddmu2wczrwga2gentbge2dcjtshvwhky3bonrgc4tcoistimdpov2gy33pnmxgg33nez2d2jjsie@directferries.com,mailto
Toyota par Diplomeo ,orientation@diplomeo.co,https://ml.diplomeo.com/out/?md5=13f6e233aabe26057fd51069e4a5404c>,lien
Agence imagine R ,votresouscriptionimaginer@communication-navigo.fr,unsub-ed6e7cff.uo7q.x0v22moj8ty00@bnc3.mailjet.com,mailto
"LMDE Assurance Maladie"" ",marketing.cpam-lille-douai@cpam-info.com,"https://cpam-info.com/d6.php?ec=1&l=Q1BBTTUwOF8wNA==&e=bHVjYXNiYXJickBvdXRsb29rLmNvbQ==&i=101747541&v=8>,<mailto:CPAM508_04_s+lucasbarbr=outlook.com.101747541@return.oximailing.com?subject=Desabonnement%20de%20%3A%20lucasbarbr%40outlook%2Ecom>",lien
"=?UTF-8?Q?MesOpinions=2Ecom?="" ",noresponse@news.mesopinions.com,gm2c2njxgyytmljrgm2dgnztg4za@lu.mesopinions.com,mailto
=?UTF-8?B?Qml0ZGVmZW5kZXI=?= ,bitdefender@connect.bitdefender.com,"https://connect.bitdefender.com/pub/optout/UnsubscribeOneStepConfirmAction?YES=true&_ri_=X0Gzc2X%3DYQpglLjHJlYQGuii60stzcHazbiN5vzcRtv9zgXSzgdJvazbczdOCiEss3gyCgBO0qbH1f&_ei_=EolaGGF4SNMvxFF7KucKuWP6AnOrAp2FsB7u4zqTO1I257wy4xmcemh-jqfS7Cg1Ja488w0XUhUriN_uwDVdZSJOq0PkCi1McpiUEy3tHAwBi9oCmAemSY4>,",lien
"service-client OUIGO"" ",service_client@e.ouigo.com,unsubscribe-877280b0b115b5098bb2412f5d640001d8108ce4705591fc1e0fe4c799f84d7f@e.ouigo.com,mailto
Nomad Education ,info@nomadeducation.fr,unsub-f1acdd03.9jnx.0l0zz5jmsyo1n@bnc3.mailjet.com,mailto
"Dashlane"" ",no-reply@dashlane.com,v2_NTY4MjhkZjk0YTI0OTMyOGM2MDAwMDE3XzU2ODI4ZTM1MGRhYWMxNjRkMzAwMDAyMF81ODFiMDQ3OTVjNWE2ODM1NDA4MDIxNGVfTldNNVpUUmpabVl4WWpCbE5HUTNOamxtWVRBMVpHTm1YeVJmWTJNbWJYTW1iWFk5TldNNVpUUmpabVl4WWpCbE5HUTNOamxtWVRBMVpHSmlKbkJwUFdOdGNBPT0@unsubscribe.emailinboundprocessing.com,mailto
"Betclic"" ",info@emails.betclic.fr,https://list-unsubscribe.eservice.emarsys.net/api/unsubscribe/794521575_26389_154_rcVm5Q7UuU>,lien
Betclic ,newsletter@emailing.betclic.fr,leave-fd19107975616b2531492c-fe37167474600d79751470-fe951271746d0c7d74-fe9512727361047e71-ff69167277@leave.bcevekg.com,mailto
"Bitdefender"" ",hello@hello.bitdefender.com,https://list-unsubscribe.eservice.emarsys.net/api/unsubscribe/786874886_3441_114013_Jzk6wmkYeH>,lien
Etihad Airways ,notifications@etihadairways.com,http://plusgrade.etihadairways.com/mpss/u/_QA/fosGAA/t.2pg/9fmQnMcxTti5juK038-nUA/um24>,lien
KAYAK ,service@email.kayak.com,unsubscribe@kayak-m.sparkpostelite.com,mailto
=?utf-8?Q?Marie?= ,marie@neoness-forme.com,"https://neoness-forme.us13.list-manage.com/unsubscribe?u=ead1332cd440a21145547b338&id=208ac4d6fa&e=c911f81539&c=c9e15e2a80>,",lien
"=?utf-8?Q?Votre_agence_Randstad?="" ",service.marketing@info.randstad.fr,abuse@info.randstad.fr,mailto
"=?UTF-8?Q?Gala_-_L'Actu_du_Matin?="" ",gala@ml.gala-news.fr,"https://s3s.fr/l-uns/4852059/7856153/2136749578.html>,",lien
"Instagram"" ",registrations@mail.instagram.com,https://instagram.com/emails/unsubscribe/tutorial?user_id=10703558289&sig=AU90peFjHvsmVeGf>,lien
"Vos actus maRATP"" ",maratp@news.maratp.fr,bounce@news.maratp.fr,mailto
"CRM France"" ",reply@bcevekg.com,leave-fd801d721a3c402029-fe37167474600d79751470-fe8e11757663077c7c-fe9512727361047e71-ff981774@leave.bcevekg.com,mailto
,etude_BeINSports@ipsos-online.com,54a328e585a14e0884c99ccf345091d1@unsub.ipsos-online.com,mailto
"Xbox"" ",Xbox@engage.xbox.com,leave-fd8315771a3c402029-fe1d117574610c74721274-fe8b17757267017b72-fe5f15707362017c7c10-ffcd16@leave.engage.xbox.com,mailto
"=?utf-8?Q?Vente_Du_Diable=2Ecom?="" ",newsletter@invitation.vente-du-diable.com,abuse@invitation.vente-du-diable.com,mailto
"=?utf-8?B?U05DRiBGaWTDqWxpdMOpIC0gUHJvZ3JhbW1lIFZveWFnZXVy?="" ",programmevoyageur@nl2.sncf-fidelite.com ,http://tr.nl2.sncf-fidelite.com/do?437A2B7DF81B5F28BE9F207F4492AE441932948A779FFC3DEA8380E0E8D34DA98CB4A942DC564F2A>,lien
UEFA Gaming hub ,info@newsletter.uefa.com,"http://newsletter.uefa.com/HD?b=Q0r0DXtEqW3M-A7XTktRS7t7uXP1P-NNrcsW_wsuAwridV0wpUYfub0h1u5-b3Fr&c=CjekpYIHhFisX5tOcNufDg>,",lien
"Microsoft Office 365"" ",MicrosoftOffice365@email.office.com,leave-fd521c71750b5c392848-fdfd15717d62067c73107276-fec71d71746c0579-fe9815707264017b71-ffcc17@leave.email.office.com,mailto
"=?utf-8?B?U05DRiDigJMgQ2FydGUgSmV1bmU=?="" ",sncf@nl2.sncf-fidelite.com ,https://eur01.safelinks.protection.outlook.com/?url=http%3A%2F%2Ftr.nl2.sncf-fidelite.com%2Fdo%3F2DAE71DE0EB0B68FB1FC938CB6AF5F8158C3977D39EB030F879F42D5EE5BA21C79DA9681F12A7602&data=02%7C01%7C%7C4655bb8f2cbd449c98aa08d5d04c5b52%7C84df9e7fe9f640afb435aaaaaaaaaaaa%7C1%7C0%7C636643948728187037&sdata=DFbEMCG71qZlmpeu7ycLUIf6sh6bBoqG%2FCGUrIyJJNY%3D&reserved=0>,lien
"=?ISO-8859-1?Q?Maril=E8ne?= Callegari
	",marilene.callegari@paris7.jussieu.fr,sympa@listes.univ-paris-diderot.fr,mailto
"=?utf-8?B?QVNVUw==?=""",ASUS_FRA@nedm.asus.com,https://eur03.safelinks.protection.outlook.com/?url=http%3A%2F%2Fcrm.itpison.com%2FAspweb%2FUnsubscribe%2FUnsubscribe.asp%3FSetPage%3DUnsubscribe%26ECode%3D0K80556fd5K0K13aaad6K13b7c59K15e8f86K1292K1370&data=02%7C01%7C%7C47a0e4a1eec940b9280808d5c4c28900%7C84df9e7fe9f640afb435aaaaaaaaaaaa%7C1%7C0%7C636631262149586050&sdata=GAuC54eKw5MQ9LJfHN%2F0pky0Q%2BG34dtResLAOJOX8Cg%3D&reserved=0>,lien
=?UTF-8?q?Optimal_Sup-Sp=C3=A9?= ,contact@optimalsupspe.fr,https://eur04.safelinks.protection.outlook.com/?url=http%3A%2F%2F1w2pe.r.a.d.sendibm1.com%2Ffo00hrvgwatng.html&data=02%7C01%7C%7C8bb79ffd0d4145a3284308d5bbe2ee67%7C84df9e7fe9f640afb435aaaaaaaaaaaa%7C1%7C0%7C636621505684768166&sdata=6vsMWR1Q701aOTpfQnXgOQt6SoDmPIxtgZUGHZHX0NE%3D&reserved=0>,lien
Alexandre Lafaurie via LinkedIn ,invitations@linkedin.com,https://eur02.safelinks.protection.outlook.com/?url=https%3A%2F%2Fwww.linkedin.com%2Fe%2Fv2%3Fe%3Ddrmson-jg4ugxa7-ys%26t%3Dlun%26midToken%3DAQFmrFVhGEd36Q%26ek%3Demail_second_guest_reminder_02%26li%3D9%26m%3Dunsub%26ts%3Dunsub%26loid%3DAQGyE3NT3GLylAAAAWLYhWX2FTzSoB3JhGx6LaCRI5qwTt1uMwljwK7GKQKJZn3a_OHLL92IqwrQJcuxCNvF1o6Xd1XdAtPQRhbMvuXkLSnP%26eid%3Ddrmson-jg4ugxa7-ys&data=02%7C01%7C%7Ce34b637e479e4e4bd90e08d5a51fdd34%7C84df9e7fe9f640afb435aaaaaaaaaaaa%7C1%7C0%7C636596478622147198&sdata=E8xcbzsbIpRw%2BriMu%2FxPd4YGIeSRLuXWnoYnAiK2dXY%3D&reserved=0>,lien
Alexandre Lafaurie ,messages-noreply@linkedin.com,https://nam03.safelinks.protection.outlook.com/?url=https%3A%2F%2Fwww.linkedin.com%2Fe%2Fv2%3Fe%3D-bhje5f-jfmck2qc-gj%26t%3Dlun%26midToken%3DAQFmrFVhGEd36Q%26ek%3Dinvite_guest%26li%3D426%26m%3Dunsub%26ts%3Dunsub%26loid%3DAQHAg0y4sOjwEwAAAWKVPLqPBjTK05BBJ4FovyIm3d4BkbT5NwrVQhh1bpHHp_0enesLzIlwLRxyG29LPk4s1CIrzknzU_zYZMxh9Vtw%26eid%3D-bhje5f-jfmck2qc-gj&data=02%7C01%7C%7Cc36df94e41be460e1b2908d59adb8c94%7C84df9e7fe9f640afb435aaaaaaaaaaaa%7C1%7C0%7C636585190100095249&sdata=Xfc1NF0X3qTIVt1HU5%2FvMhK1hQ5HoagYlAYB6EshBsA%3D&reserved=0>,lien
ZEbet ,contact@email.zeturf.com,"https://nam03.safelinks.protection.outlook.com/?url=http%3A%2F%2Femail.zeturf.com%2FHD%3Fb%3DgcVuvKdIAregzWHqy8lIhvxiCga4o-gVtxFsp9ji918rgV4hiWJ5XkwwcpipFUJj%26c%3DVMkv6gX9K6Sisn-gpAvXBw&data=02%7C01%7C%7Ce53d00d0dbd34cc9d25808d59a12022c%7C84df9e7fe9f640afb435aaaaaaaaaaaa%7C1%7C0%7C636584324487626036&sdata=p%2FFoJmweqOUboAsMmfXjiXyoH0y8mwDERQsozn6zv%2Bg%3D&reserved=0>,",lien
=?utf-8?Q?L=E2=80=99=C3=A9cole=20du=20Design=20Num=C3=A9rique=20avec=20digiSchool?= ,newsletter@digischool.fr,"https://eur01.safelinks.protection.outlook.com/?url=https%3A%2F%2Fkreactive.us8.list-manage.com%2Funsubscribe%3Fu%3Dfa70713fc73855eeb56095e0e%26id%3D923210141b%26e%3D5f0e444881%26c%3D55df6f7465&data=02%7C01%7C%7C04bfb2284c624f50f89108d56ed5f926%7C84df9e7fe9f640afb435aaaaaaaaaaaa%7C1%7C0%7C636536787637745235&sdata=mbzYkpQkk3maK2wyzUd6csNgSDoOPkvfOGEeNz%2FYNnU%3D&reserved=0>,",lien
=?utf-8?Q?ESCE=20Bachelor=20avec=20digiSchool?= ,contactbachelor@esce.fr,"https://eur03.safelinks.protection.outlook.com/?url=https%3A%2F%2Fdigischool.us3.list-manage.com%2Funsubscribe%3Fu%3Df6c353e9ba108ac2e183d6393%26id%3D2ea5f1bd83%26e%3D58bd4704ce%26c%3Df92cb6919d&data=02%7C01%7C%7Cd3e86e78505a4775108e08d55cfdfdb5%7C84df9e7fe9f640afb435aaaaaaaaaaaa%7C1%7C0%7C636517168303146378&sdata=awk9chSum%2BPGJno4kcclOCcGQ0I3KPrBTADGmWnQJco%3D&reserved=0>,",lien
"Altibus.com"" ",noreply.invitations@trustpilotmail.com,https://link.trustpilot.com/wf/unsubscribe*q*upn=YIcAWPJZx94BPKBFP-2BC5fJI7XCCgUJ6rq7TBO1UcGlVmo6ylMhjso9zU4AbfIkrFNw75EIVPeDQ0YfPHzPnaxgICimSghcXgyjBVV1G1kctSlKD2tj84p3UbPO4hT3R9ZC1SKGxb4fTtvMgxKSpca0HOPF-2FpT7DSfqA-2FENi6Vtv3zantfHvHKVpksBfL29usGKfNk5lEV-2F-2B8JSvsAqGbvc-2BjWD7ZDyoKA0OlaqxULKtJyGWUiq7ALemJkfiHA7Qf-2FrtVuxTPZqUpsHIFybe4dnbj8n7NTYpiOXFzjjxvepU-3D>,lien
"Uber"" ",email@et.uber.com,leave-fd1016797d6c6b2531492c-fe3016767764047c721178-fe9811727762057f70-fe91127371650c7e70-ff2c1777756d@leave.et.uber.com,mailto
"Uber"" ",uber@uber.com,unsubscribe@uber.sparkpostelite.com,mailto
"=?UTF-8?Q?Marie_de_l'=C3=A9quipe_OuiCar?=
 ",info@msfmail.ouicar.fr,leave-fd521572730b5c392848-fe5d16797064057c7c13-fec115797c67027f-fe8e13727665037b72-ff63167372@leave.sfmail.ouicar.fr,mailto
"=?UTF-8?Q?Cr=C3=A9dit_Agricole_d'Ile-de-France?="" ",no-reply@ca-parismailing.fr,DSME-DECC3119B349DCE3E2B5F0E205EAE70199D430CE11E86D6D@ca-parismailing.fr,mailto
"Fnac.com"" ",fnac@you.digicontent.net,"http://as1.emv2.com/HD?b=WN8KxqoEFA7HddoByWO2ZW2qW2Ouf4qaCoeHzJPihScSq14YhnBN0QSURfXG_ZeH&c=_pJsbk85sRJwajhpMFZ1dA>,",lien
"Microsoft 365 Business"" ",Microsoft365Business@email.office.com,leave-fce915737c6005122d502d29-fe2210797c660375751171-febf1373776c0378-fe9815707264017b71-ff231277736d@leave.email.office.com,mailto
=?utf-8?Q?Claire=20de=20digiSchool?= ,support-bac@digischool.fr,"http://digischool.us3.list-manage1.com/unsubscribe?u=f6c353e9ba108ac2e183d6393&id=2ea5f1bd83&e=58bd4704ce&c=179a2f55f0>,",lien
=?utf-8?Q?Cl=C3=A9mence=20de=20Nomad=20Education?= ,clemence.coursimault@nomadeducation.fr,"http://nomadeducation.us11.list-manage.com/unsubscribe?u=e2ecbc13107fadfc775253de5&id=5527d4cc8f&e=280122ebae&c=ef217e0996>,",lien
"=?UTF-8?Q?L'=C3=A9quipe_OuiCar?=
 ",contact@msfmail.ouicar.fr,leave-fd521572730b5c392848-fe5d16797064057c7c13-fed415707665047b-fe8e13727665037b72-ff981073@leave.sfmail.ouicar.fr,mailto
=?utf-8?Q?TEMA=20=E2=80=93=20NEOMA=20Business=20School=20avec=20digiSchool?= ,alexandre.toubart@neoma-bs.fr,"http://digischool.us3.list-manage2.com/unsubscribe?u=f6c353e9ba108ac2e183d6393&id=2ea5f1bd83&e=58bd4704ce&c=6b5666f3d8>,",lien
"=?utf-8?Q?Homyday=2Ecom?="" ",invitation@info.homyday.com,abuse@info.homyday.com,mailto
=?utf-8?Q?ESCE?= ,contact@esce.fr,http://digischool.us3.list-manage.com/unsubscribe?u=f6c353e9ba108ac2e183d6393&id=2ea5f1bd83&e=58bd4704ce&c=20bdcee3b5>,lien
=?utf-8?Q?Julie=20Demory?= ,jdemory@iscparis.com,http://digischool.us3.list-manage1.com/unsubscribe?u=f6c353e9ba108ac2e183d6393&id=2ea5f1bd83&e=58bd4704ce&c=b764dc7f28>,lien
=?utf-8?Q?Concours=20Puissance=2011?= ,contact@concourspuissance11.fr,http://digischool.us3.list-manage.com/unsubscribe?u=f6c353e9ba108ac2e183d6393&id=2ea5f1bd83&e=58bd4704ce&c=84d311d637>,lien
=?utf-8?Q?Nicolas=20Nguyen=20=2D=20exia.CESI?= ,nicolas.nguyen@exiacesi-event.com,http://digischool.us3.list-manage.com/unsubscribe?u=f6c353e9ba108ac2e183d6393&id=2ea5f1bd83&e=58bd4704ce&c=c6cd9b457f>,lien
=?utf-8?Q?Nora=20des=2024h=20sp=C3=A9cial=20APB?= ,orientation@digischool.fr,http://digischool.us3.list-manage.com/unsubscribe?u=f6c353e9ba108ac2e183d6393&id=2ea5f1bd83&e=58bd4704ce&c=a6705027fd>,lien
"FIFA 17"" ",FIFA17@e.ea.com,leave-fd8215781a3c402029-fe2b157976620674761572-ff00157274670c-fe851372776d0c7b7d-ff66107377@leave.e.ea.com,mailto
"OuiCar"" ",ne_pas_repondre@sfmail.ouicar.fr,leave-fd521572730b5c392848-fe5d16797064057c7c13-fef11778716d02-fe8e13727665037b72-ff3010777164@leave.sfmail.ouicar.fr,mailto
=?utf-8?Q?Victoire=20Mend=C3=A8s=20=2D=20ei.CESI?= ,victoire.mendes@eicesi-event.com,http://digischool.us3.list-manage.com/unsubscribe?u=f6c353e9ba108ac2e183d6393&id=2ea5f1bd83&e=58bd4704ce&c=40d249b22a>,lien
=?utf-8?Q?Chlo=C3=A9=20de=20snapSchool?= ,admins@snapschool.net,http://digischool.us3.list-manage2.com/unsubscribe?u=f6c353e9ba108ac2e183d6393&id=2ea5f1bd83&e=58bd4704ce&c=4f1c20f508>,lien
Salons de l'Etudiant ,l'Etudiant@mailing.letudiant.fr,http://mailing.letudiant.fr/Formulaires/desabo_mc_etu.cfm?CALL_METHOD=POST&EMAIL=lucasbarbr@outlook.com&WS=3976452_6794245&WA=83238>,lien
"CANALPLAY"" ",CanalplayInfinity@emailing.canalplay.com ,http://tr.emailing.canalplay.com/do?6576CF5A54130DBF508BD9F87FCAED141AD2E9E8B8055DAEB3810C80019AAAEAE17555CE23F4855C>,lien
"CANALPLAY"" ",canalplay@emailing.canalplay.com ,http://tr.emailing.canalplay.com/do?BC0D396D2B6517289DED85496C2281BCB1B4F80A19FA10826FC2AD0477BFB0AD6E9B693BA6788A0B>,lien
"FIFA 16"" ",FIFA16@e.ea.com,leave-fd8215781a3c402029-fe8c15727260027b7c-ff901d76-fe851372776d0c7b7d-ff5e137372@leave.e.ea.com,mailto
"FIFA 16"" ",EA-France@em.ea.com,rm-0b8bmtspbgwraejaup3zhdt05tbgu74@em.ea.com,mailto
=?UTF-8?B?TGlzdGUgZGUgTm/Dq2wgRUE=?= ,listedenoel@ea.com,rm-0b8ctsyqbgwmbfsaujrb72t05tbgu06@em.ea.com,mailto
letudiant.fr - Groupe l'Etudiant ,newsletter@mailing.letudiant.fr,http://mailing.letudiant.fr/Formulaires/desabo_forum.cfm?CALL_METHOD=POST&EMAIL=lucasbarbr@outlook.com&WS=3976452_6794245&WA=87909>,lien
"6play"" ",m6@newsletter.m6.fr,erreur@newsletter.m6.fr,mailto
"Hudl"" ",noreply@hudl.com,"http://email.ubersense.com/wf/unsubscribe?upn=YIcAWPJZx94BPKBFP-2BC5fJI7XCCgUJ6rq7TBO1UcGlWCfjuWosjbBwc9JGUft-2BbNJ0aLqZOysgEPYuZcQD9AzGXLJL9VWNHD-2Bw2HWldh8Dvwrc2VjFXQE5jSvTXaag5UgsTUf25puoO3SWsLrv5h7bkqwkYgncHbbzjfYZZ5R5TJ3710r4kvI5GICVFk3dxGqIKA8rkX93bz8x66mPoux6o0R0-2FQUmDH4uVBVw-2F5ukrUoUxfG20mXmhnhyLo-2Fw06svRI-2FzUY9lnPkogU57x9N1pRs2-2FSzC6jUe3ITe9byN15iAiMpzzK41Gi5tGCA1mlDgC-2BGkTYD1SxJ8B8heJjSyh-2F9DAF7t08nPaSGWsqt8AGuJKBFW2ms59fBM5t2yW1Tz7T4zCfjW5RX1u9MCxdag-3D-3D>,",lien
"Vente Du Diable.com"" ",client@emt.vente-du-diable.com ,abuse@emt.vente-du-diable.com,mailto
contact@t411.me,,unsubscribe@unsub.sparkpost.com,mailto
"Microsoft OneDrive"" ",onedrive@microsoftemails.com,leave-fd8416751a3c402029-fe221678756205747c1274-ff3217757666-fe9713727665037f77-ff2313797362@leave.microsoftemails.com,mailto
"=?ISO-8859-1?Q?FIA-NET?="" ",suivi-livraison010421@fia-net.fr,https://www.fia-net.com/membre/desabonnement_fia-net.php?email=lucasbarbr@outlook.com>,lien
"Showroomprive.com"" ",showroom@email.showroomprive.com,leave-fd1f107072656b2531492c-fe271570726c037e731577-fe8f1670736600747c-fe9312727460017577-ff011570736304@leave.email.showroomprive.com,mailto
"Skype"" ",hello@email.skype.com,leave-fd8317751a3c402029-fe2511747062067a711677-ff3111737166-fe9813727763057d71-fe96157375660d7f7d@leave.email.skype.com,mailto
"L'Etudiant"" ",letudiant@mailing.letudiant.fr,http://mailing.letudiant.fr/Formulaires/desabo_bac.cfm?CALL_METHOD=POST&EMAIL=lucasbarbr@outlook.com&WS=3976452_6794245&WA=96181>,lien
Bac S digiSchool ,thierry@info.mediaetudiant.fr,unsub-8b2cb16d.0tw.y934mi7@bnc.mailjet.com,mailto
"Salons de l'Etudiant"" ",L'Etudiant@mailing.letudiant.fr,http://mailing.letudiant.fr/Formulaires/desabo_mc_etu.cfm?CALL_METHOD=POST&EMAIL=lucasbarbr@outlook.com&WS=3976452_6794245&WA=97404>,lien
